SL No:,Customer,Month,Amount
1,A1,12-Jan-04,331844.007373962
2,A1,3-Jan-04,441139.807334976
3,A1,15-Jan-04,32480.0040089204
4,A1,25-Jan-04,90636.966533786
5,A1,17-Jan-05,1581.96982871994
6,A1,23-Feb-05,357678.507743812
7,A1,1-Feb-05,280990.709926875
8,A8,5-Feb-04,117697.053060836
9,A9,28-Feb-05,8047.30077951249
10,A10,16-Feb-05,407418.805366321
11,A11,23-Feb-05,243698.715142492
12,A12,3-Feb-05,227656.56615385
13,A13,4-Feb-06,106283.127730375
14,A14,25-Mar-06,96146.7243991334
15,A15,31-Mar-06,18442.5646606095
16,A16,23-Mar-06,32572.9959430922
17,A17,19-Mar-04,81234.9761619815
18,A18,5-Mar-06,37267.1460834692
19,A19,4-Apr-05,145772.909628267
20,A20,30-Apr-06,102397.921208071
21,A21,25-Apr-04,460016.697181857
22,A22,19-Apr-06,404304.944960454
23,A23,6-Apr-04,8272.40928620238
24,A24,27-Apr-05,466260.666161183
25,A25,5-May-04,95647.2148835491
26,A26,6-May-06,239200.13152777
27,A27,7-May-05,385039.878063125
28,A28,8-May-06,366873.643877881
29,A29,9-May-05,58900.844331184
30,A30,10-May-06,91244.2366121203
31,A31,11-Jul-06,263967.751320513
32,A32,12-Aug-05,411427.211714364
33,A33,13-Sep-04,331595.300626726
34,A34,20-Nov-05,90559.8317741396
35,A35,21-Nov-06,16122.0047167643
36,A36,22-Nov-05,340590.856768295
37,A37,23-Nov-04,96556.2498570127
38,A38,24-May-05,347182.069037117
39,A39,25-May-05,163175.358355428
40,A40,26-May-05,72623.8605546167
41,A41,27-May-05,277409.598545299
42,A42,28-May-05,98456.5339207634
43,A43,29-May-05,146564.764470483
44,A44,30-May-05,288996.348431957
45,A45,31-May-05,293688.24079414
46,A46,1-Jun-05,301199.272894205
47,A47,2-Jun-05,377938.484523594
48,A48,3-Jun-05,228150.431187286
49,A49,3-Jul-05,339510.750828173
50,A50,3-Aug-05,201700.362147088
51,A51,3-Sep-05,102976.59673865
52,A52,3-Oct-05,181406.005576978
53,A53,3-Nov-05,476902.865584856
54,A54,3-Dec-05,125570.246863153
55,A55,3-Jan-06,54746.5651473907
56,A56,3-Feb-06,347726.45079432
57,A57,3-Mar-06,312146.474543178
58,A58,3-Apr-06,341489.294244729
59,A59,3-May-06,9698.81721436433
60,A60,3-Jun-06,312845.107820632
61,A61,3-Jul-06,110103.665621907
62,A60,3-Aug-06,396683.901555498
63,A61,3-Sep-06,98417.2946509518
64,A62,3-Oct-06,368109.77974121
65,A63,3-Nov-06,23396.0532591995
66,A64,3-Dec-06,355797.588517261
67,A65,12-Jan-04,204573.145140186
68,A66,3-Jan-04,464913.322947932
69,A67,15-Jan-04,37163.6702636459
70,A68,25-Jan-04,328774.009405886
71,A69,17-Jan-05,377100.994705762
72,A70,23-Feb-05,450773.333913659
73,A71,1-Feb-05,74698.5651479959
74,A72,5-Feb-04,14701.0679523006
75,A73,28-Feb-05,263964.019592082
76,A74,16-Feb-05,465913.810263478
77,A75,23-Feb-05,373215.939421112
78,A76,3-Feb-05,443981.920046294
79,A77,4-Feb-06,246889.884097615
80,A78,25-Mar-06,117170.000316415
81,A79,31-Mar-06,497836.717300821
82,A80,23-Mar-06,444153.041690802
83,A81,24-Mar-06,339353.448243148
84,A82,25-Mar-06,443599.67261001
85,A83,26-Mar-06,342049.630931614
86,A84,27-Mar-06,484932.067362504
87,A85,28-Mar-06,413987.891571953
88,A86,29-Mar-06,340688.46877932
89,A87,30-Mar-06,4530.08858261528
90,A88,31-Mar-06,212433.985038403
91,A89,1-Apr-06,17082.8939671367
92,A90,2-Apr-06,17066.0812282069
93,A91,3-Apr-06,380555.12441206
94,A92,4-Apr-06,416945.624924797
95,A93,12-Jan-04,74576.4905826799
96,A94,3-Jan-04,136101.62973858
97,A95,15-Jan-04,75109.4922284651
98,A96,25-Jan-04,110139.014148446
99,A97,12-Jan-04,174606.392283045
100,A98,3-Jan-04,97802.598995029
101,A99,15-Jan-04,358589.924345479
102,A100,25-Jan-04,151141.391939073
103,A1,12-Jan-04,390074.78998935
104,A2,3-Jan-04,370300.17401012
105,A3,15-Jan-04,44049.5803102538
106,A4,25-Jan-04,107590.807932847
107,A5,12-Jan-04,411933.709939162
108,A6,3-Jan-04,497144.977565198
109,A7,15-Jan-04,398909.852981791
110,A8,12-Jan-04,339052.525805886
111,A9,3-Jan-04,179154.576558792
112,A10,15-Jan-04,442636.509023534
113,A11,25-Jan-04,383289.073968161
114,A12,17-Jan-05,29185.2736874162
115,A13,23-Feb-05,248366.585760004
116,A14,1-Feb-05,261483.749858722
117,A1,5-Feb-04,191180.0116179
118,A2,28-Feb-05,236379.368691027
119,A3,16-Feb-05,9703.65875424245
120,A4,23-Feb-05,342562.719845614
121,A5,3-Feb-05,472368.795191686
122,A6,4-Feb-06,346935.171257693
123,A7,25-Mar-06,85760.1775173051
124,A8,31-Mar-06,307768.265864485
125,A9,23-Mar-06,411958.06955111
126,A10,19-Mar-04,266929.378480047
127,A11,5-Mar-06,1129.54360131395
128,A12,4-Apr-05,328164.54729363
129,A13,30-Apr-06,395044.292644997
130,A14,25-Apr-04,13833.1079725544
131,A1,19-Apr-06,201381.010854038
132,A2,6-Apr-04,465023.050990072
133,A3,27-Apr-05,206197.105547746
134,A4,5-May-04,232258.582201741
135,A5,6-May-06,169470.256461931
136,A6,7-May-05,456269.806617672
137,A7,8-May-06,301369.637335416
138,A8,9-May-05,304499.036897402
139,A9,10-May-06,146457.990232465
140,A10,11-Jul-06,427415.084685682
141,A11,12-Aug-05,127001.605935801
142,A12,13-Sep-04,258170.492030026
143,A13,20-Nov-05,175025.84083389
144,A14,21-Nov-06,361238.151295662
145,A1,22-Nov-05,278486.415639254
146,A2,23-Nov-04,102881.231870871
147,A3,24-May-05,195372.060926575
148,A4,25-May-05,24359.2519256601
149,A5,5-May-04,437597.275207116
150,A6,6-May-06,324653.763036868
151,A7,7-May-05,146635.289124453
152,A8,8-May-06,80652.4829477196
153,A9,9-May-05,261194.842721382
154,A10,10-May-06,298502.782868582
155,A11,11-Jul-06,54897.9071888205
156,A12,12-Aug-05,378564.027113232
157,A13,13-Sep-04,421263.91590811
158,A14,20-Nov-05,442218.804598393
159,A1,21-Nov-06,17931.3992865238
160,A2,22-Nov-05,489679.366497287
161,A3,23-Nov-04,67503.6210625434
162,A4,24-May-05,82410.7829212848
163,A5,25-May-05,86059.5715984101
164,A6,26-May-05,477556.700965857
165,A7,27-May-05,493282.768638606
166,A8,28-May-05,203737.919711027
167,A9,29-May-05,363644.349732983
168,A10,30-May-05,231924.798356801
169,A11,31-May-05,320686.895345576
170,A12,1-Jun-05,447792.822527766
171,A13,2-Jun-05,220353.037250624
172,A14,3-Jun-05,76801.1833845135
173,A1,3-Jul-05,300581.703069127
174,A2,3-Aug-05,323308.540649119
175,A3,3-Sep-05,283969.062556186
176,A4,3-Oct-05,397034.591317823
177,A5,3-Nov-05,258609.680056839
178,A6,3-Dec-05,484897.057833867
179,A7,3-Jan-06,454917.014669669
180,A8,3-Feb-06,148411.558032565
181,A9,3-Mar-06,264430.170513619
182,A10,3-Apr-06,384460.185621156
183,A11,3-May-06,398856.018599201
184,A12,3-Jun-06,451548.900409148
185,A13,3-Jul-06,187077.468742277
186,A14,3-Aug-06,19420.3970783845
187,A1,3-Sep-06,108320.120547028
188,A2,3-Oct-06,414752.806035218
189,A3,3-Nov-06,329095.557928775
190,A4,3-Dec-06,196563.755840994
191,A5,12-Jan-04,429161.162168535
192,A6,3-Jan-04,50982.8841379749
193,A7,15-Jan-04,485964.932827189
194,A8,25-Jan-04,138661.898841995
195,A9,17-Jan-05,401535.774916627
196,A10,23-Feb-05,425012.153842459
197,A11,1-Feb-05,369978.420673301
198,A12,5-Feb-04,243130.400164016
199,A13,28-Feb-05,388606.394667026
200,A14,16-Feb-05,195535.417212227
201,A1,23-Feb-05,315077.286601365
202,A2,3-Feb-05,183548.171611619
203,A3,4-Feb-06,114248.47191421
204,A4,25-Mar-06,181662.295321617
205,A5,31-Mar-06,365007.50425162
206,A6,23-Mar-06,389251.100249905
207,A7,24-Mar-06,56727.6684893607
208,A8,25-Mar-06,152582.865123884
209,A9,26-Mar-06,216841.800037126
210,A10,27-Mar-06,19498.6186421637
211,A11,28-Mar-06,159560.668910171
212,A12,29-Mar-06,303711.799815742
213,A13,30-Mar-06,187543.315265238
214,A14,31-Mar-06,42748.4617161489
215,A1,1-Apr-06,169892.26350153
216,A2,2-Apr-06,346376.739887356
217,A3,3-Apr-06,315238.808163438
218,A4,4-Apr-06,493715.411070337
219,A5,12-Jan-04,266735.761176997
220,A6,3-Jan-04,410440.713030187
221,A7,15-Jan-04,202182.886882719
222,A8,25-Jan-04,138857.449354277
223,A9,12-Jan-04,20774.6151912245
224,A10,3-Jan-04,416029.318311421
225,A11,15-Jan-04,382565.230614039
226,A12,25-Jan-04,35524.6961940163
227,A13,12-Jan-04,57824.0332865865
228,A14,3-Jan-04,211417.226554817
229,A1,15-Jan-04,76599.6598806591
230,A2,25-Jan-04,293779.193356025
231,A3,12-Jan-04,90671.3256076253
232,A4,3-Jan-04,142340.759248999
233,A5,15-Jan-04,265219.679305836
234,A6,12-Jan-04,161197.549587462
235,A7,3-Jan-04,394259.48902655
236,A8,15-Jan-04,231804.524958211
237,A9,25-Jan-04,267273.476113601
238,A10,17-Jan-05,446068.328545804
239,A11,23-Feb-05,269376.809780736
240,A12,1-Feb-05,450018.509600151
241,A13,5-Feb-04,132568.387017841
242,A14,28-Feb-05,427175.279368615
243,A1,16-Feb-05,246061.12027752
244,A2,23-Feb-05,427223.523094272
245,A3,3-Feb-05,398994.844808527
246,A4,4-Feb-06,306925.530693053
247,A5,25-Mar-06,211171.102788579
248,A6,31-Mar-06,123887.192359981
249,A7,23-Mar-06,5506.96077187413
250,A8,19-Mar-04,153081.188912284
251,A9,5-Mar-06,380665.337178965
252,A10,4-Apr-05,279491.614749279
253,A11,30-Apr-06,258507.955476352
254,A12,25-Apr-04,397648.559664301
255,A13,19-Apr-06,301820.751311134
256,A14,6-Apr-04,103535.146479719
257,A5,27-Apr-05,378853.734418746
258,A6,5-May-04,140288.418820925
259,A7,6-May-06,376502.408009467
260,A8,7-May-05,451103.451281934
261,A9,8-May-06,23702.7510793449
262,A10,9-May-05,437786.68185377
263,A11,10-May-06,25990.3762666346
264,A12,11-Jul-06,191782.809216687
265,A13,12-Aug-05,451930.451692815
266,A14,5-May-04,345625.048622275
267,A15,6-May-06,133920.334486147
268,A16,7-May-05,17679.1314258749
269,A17,8-May-06,156265.268909516
270,A18,9-May-05,415057.500884351
271,A19,10-May-06,128725.816445848
272,A20,11-Jul-06,163510.7466552
273,A21,12-Aug-05,97593.8720999259
274,A22,13-Sep-04,372525.526006281
275,A5,20-Nov-05,270974.147154217
276,A6,21-Nov-06,447803.69719301
277,A7,22-Nov-05,41172.9134510669
278,A8,23-Nov-04,138918.603638778
279,A9,24-May-05,49627.8544092572
280,A10,25-May-05,225984.694431227
281,A11,26-May-05,353747.578236766
282,A12,27-May-05,402381.827226561
283,A13,28-May-05,426100.846313659
284,A14,29-May-05,321027.959496253
285,A15,30-May-05,177717.220033574
286,A16,31-May-05,119941.084853185
287,A17,1-Jun-05,311958.105125352
288,A18,2-Jun-05,205230.875652499
289,A19,3-Jun-05,106706.010519316
290,A20,3-Jul-05,3430.06504283538
291,A21,3-Aug-05,292793.691244654
292,A22,3-Sep-05,161525.228919218
293,A5,3-Oct-05,278963.641341469
294,A6,3-Nov-05,18319.8865692324
295,A7,3-Dec-05,171181.751470701
296,A8,3-Jan-06,318311.379410063
297,A9,3-Feb-06,478684.198304352
298,A10,3-Mar-06,106458.100400785
299,A11,3-Apr-06,413031.35907661
300,A12,3-May-06,78278.1210957955
301,A13,3-Jun-06,301881.838118879
302,A14,3-Jul-06,110088.190286294
303,A15,3-Aug-06,399543.758857629
304,A16,3-Sep-06,270022.655100028
305,A17,3-Oct-06,316781.378388801
306,A18,3-Nov-06,448065.359980794
307,A19,3-Dec-06,283448.716915055
308,A20,12-Jan-04,323847.325982146
309,A21,3-Jan-04,68929.5860934209
310,A22,15-Jan-04,488713.115813852
311,A5,25-Jan-04,291289.856151661
312,A6,17-Jan-05,387305.987258336
313,A7,23-Feb-05,351308.820239532
314,A8,1-Feb-05,481609.513454757
315,A9,5-Feb-04,384894.321027657
316,A10,28-Feb-05,77711.3439307849
317,A11,16-Feb-05,222984.139995572
318,A12,23-Feb-05,127221.277738535
319,A13,3-Feb-05,363666.41650915
320,A14,4-Feb-06,291397.606874851
321,A15,25-Mar-06,362261.23100058
322,A16,31-Mar-06,103566.580153309
323,A17,23-Mar-06,254878.25927425
324,A18,24-Mar-06,482946.684897953
325,A19,25-Mar-06,140223.896740062
326,A20,26-Mar-06,379612.479905596
327,A21,27-Mar-06,247506.497197653
328,A22,28-Mar-06,369684.308605485
329,A5,29-Mar-06,394072.466985224
330,A6,30-Mar-06,14250.6251995111
331,A7,31-Mar-06,8041.73159936294
332,A8,1-Apr-06,126099.417159785
333,A9,2-Apr-06,250393.185031736
334,A10,3-Apr-06,45651.9013443102
335,A11,4-Apr-06,463465.961712629
336,A12,12-Jan-04,21587.9699887102
337,A13,3-Jan-04,231354.424356848
338,A14,15-Jan-04,95782.3089732864
339,A15,25-Jan-04,458809.096821126
340,A16,12-Jan-04,145837.377725099
341,A17,3-Jan-04,230963.910602897
342,A18,15-Jan-04,494635.713489955
343,A19,25-Jan-04,305448.672778502
344,A20,12-Jan-04,143408.713724961
345,A21,3-Jan-04,49018.0304821186
346,A22,15-Jan-04,46395.0592037843
347,A5,25-Jan-04,137698.543495056
348,A6,12-Jan-04,212280.308571858
349,A7,3-Jan-04,165274.434023695
350,A8,15-Jan-04,458870.864113026
351,A9,12-Jan-04,334885.388616321
352,A10,3-Jan-04,291331.256298526
353,A11,15-Jan-04,286532.013505139
354,A12,25-Jan-04,58345.1169739267
355,A13,17-Jan-05,192122.861894338
356,A14,23-Feb-05,379742.111165322
357,A15,1-Feb-05,222574.562383208
358,A16,5-Feb-04,31407.935169208
359,A17,28-Feb-05,204543.418357586
360,A18,16-Feb-05,397999.656130797
361,A19,23-Feb-05,232774.638413756
362,A20,3-Feb-05,156044.68065872
363,A21,4-Feb-06,168872.775197183
364,A22,25-Mar-06,56836.5837338196
365,A12,31-Mar-06,104026.938246771
366,A13,23-Mar-06,432182.922385243
367,A14,19-Mar-04,309081.958796584
368,A15,5-Mar-06,252226.71869621
369,A16,4-Apr-05,381663.819407505
370,A17,30-Apr-06,22353.1242336174
371,A18,25-Apr-04,397962.738888742
372,A19,19-Apr-06,238146.386141278
373,A20,6-Apr-04,290279.560706239
374,A21,27-Apr-05,149638.58876821
375,A22,5-May-04,400619.720557619
376,A23,6-May-06,485455.179515397
377,A24,7-May-05,16904.3624887579
378,A25,8-May-06,21809.1743353347
379,A26,9-May-05,468185.892804533
380,A27,10-May-06,86546.2959136013
381,A28,11-Jul-06,289563.210883082
382,A29,12-Aug-05,453843.063962964
383,A30,5-May-04,177962.413744529
384,A12,6-May-06,340346.391125147
385,A13,7-May-05,412542.665919873
386,A14,8-May-06,446465.918436734
387,A15,9-May-05,14229.4913314895
388,A16,10-May-06,180308.757745005
389,A17,11-Jul-06,466381.378781479
390,A18,12-Aug-05,158055.149520841
391,A19,13-Sep-04,360514.818421551
392,A20,20-Nov-05,329070.393990248
393,A21,21-Nov-06,406325.922008173
394,A22,22-Nov-05,68275.7990756058
395,A23,23-Nov-04,460739.985530262
396,A24,24-May-05,42529.5307369284
397,A25,25-May-05,280894.386219287
398,A26,26-May-05,412279.922189453
399,A27,27-May-05,398282.129883355
400,A28,28-May-05,387321.869008037
401,A29,29-May-05,114007.355596148
402,A30,30-May-05,260717.860272489
403,A12,31-May-05,339566.067350275
404,A13,1-Jun-05,77384.6153950347
405,A14,2-Jun-05,139576.089797474
406,A15,3-Jun-05,53685.1997672462
407,A16,3-Jul-05,146332.283978753
408,A17,3-Aug-05,67893.5820944568
409,A18,3-Sep-05,462327.942774755
410,A19,3-Oct-05,488863.033621026
411,A20,3-Nov-05,458334.562410855
412,A21,3-Dec-05,36303.8039610283
413,A22,3-Jan-06,295479.40378015
414,A23,3-Feb-06,39837.2830844195
415,A24,3-Mar-06,91097.927229517
416,A25,3-Apr-06,116525.885099643
417,A26,3-May-06,143362.08705513
418,A27,3-Jun-06,109197.065215631
419,A28,3-Jul-06,299567.764626079
420,A29,3-Aug-06,276439.164657094
421,A30,3-Sep-06,232136.190319823
422,A12,3-Oct-06,439421.56571922
423,A13,3-Nov-06,262888.663440804
424,A14,3-Dec-06,218088.968256078
425,A15,12-Jan-04,279811.228883177
426,A16,3-Jan-04,54435.2050688236
427,A17,15-Jan-04,40977.8838924619
428,A18,25-Jan-04,213694.304907665
429,A19,17-Jan-05,395204.197264722
430,A20,23-Feb-05,194329.507554567
431,A21,1-Feb-05,12891.7112872569
432,A22,5-Feb-04,2338.63965500741
433,A23,28-Feb-05,346993.634007245
434,A24,16-Feb-05,106098.776271297
435,A25,23-Feb-05,3440.49370938809
436,A26,3-Feb-05,498972.674978317
437,A27,4-Feb-06,378264.878131824
438,A28,25-Mar-06,67334.5868739959
439,A29,31-Mar-06,494204.279860026
440,A30,23-Mar-06,164286.55087011
441,A12,24-Mar-06,245438.594947776
442,A13,25-Mar-06,255812.16664804
443,A14,26-Mar-06,471053.040455969
444,A15,27-Mar-06,17056.2641280682
445,A16,28-Mar-06,415556.048706612
446,A17,29-Mar-06,323934.487212928
447,A18,30-Mar-06,109900.972302717
448,A19,31-Mar-06,411692.778384329
449,A20,1-Apr-06,150343.28459968
450,A21,2-Apr-06,21952.0844495392
451,A22,3-Apr-06,403271.76477039
452,A23,4-Apr-06,168520.115895198
453,A24,12-Jan-04,96191.9687812182
454,A25,3-Jan-04,352476.267382902
455,A26,15-Jan-04,170815.832601675
456,A27,25-Jan-04,190770.350190296
457,A28,12-Jan-04,54502.2722801692
458,A29,3-Jan-04,100528.174036717
459,A30,15-Jan-04,56968.1802169557
460,A12,25-Jan-04,214084.154535107
461,A13,12-Jan-04,7057.20569791318
462,A14,3-Jan-04,352072.986392093
463,A15,15-Jan-04,134419.316644139
464,A16,25-Jan-04,224910.702037265
465,A17,12-Jan-04,400391.779236186
466,A18,3-Jan-04,438001.866540719
467,A19,15-Jan-04,400779.33408349
468,A20,12-Jan-04,16439.6571893616
469,A21,3-Jan-04,277454.197411357
470,A22,15-Jan-04,25950.8911348917
471,A23,25-Jan-04,58334.8377428603
472,A24,17-Jan-05,119424.801664828
473,A25,23-Feb-05,412293.039786855
474,A26,1-Feb-05,70005.5065328401
475,A27,5-Feb-04,341428.778298099
476,A28,28-Feb-05,486378.351021567
477,A29,16-Feb-05,437451.996760569
478,A30,23-Feb-05,295979.875927046
479,A12,3-Feb-05,76174.2757012179
480,A13,4-Feb-06,260731.125459866
481,A14,25-Mar-06,2957.83316291809
482,A15,31-Mar-06,468191.71958834
483,A16,23-Mar-06,482716.525884496
484,A17,19-Mar-04,174913.142713781
485,A18,5-Mar-06,395099.565154149
486,A19,4-Apr-05,359325.923501997
487,A20,30-Apr-06,247158.735923188
488,A21,25-Apr-04,212290.200966402
489,A22,19-Apr-06,359058.253189559
490,A23,6-Apr-04,173813.390229736
491,A24,27-Apr-05,270104.978768979
492,A25,5-May-04,295730.606223427
493,A26,6-May-06,256021.254646159
494,A27,7-May-05,315096.836165027
495,A28,8-May-06,200905.091583882
496,A29,9-May-05,58512.7898668235
497,A30,10-May-06,158716.890666416
498,A12,11-Jul-06,173965.209725833
499,A13,12-Aug-05,484705.660850209
500,A14,5-May-04,369769.945313765
501,A15,6-May-06,66867.2500140415
502,A16,7-May-05,322403.422751122
503,A17,8-May-06,358159.328671082
504,A18,9-May-05,223988.35650186
505,A19,10-May-06,376960.330049004
506,A20,11-Jul-06,311456.531899098
507,A21,12-Aug-05,229244.496366949
508,A22,13-Sep-04,413847.081331271
509,A23,20-Nov-05,17068.6958702357
510,A24,21-Nov-06,293906.390322839
511,A25,22-Nov-05,75660.6797515062
512,A26,23-Nov-04,496338.309642569
513,A27,24-May-05,452918.164695644
514,A28,25-May-05,268133.978704057
515,A29,26-May-05,360183.465300557
516,A30,27-May-05,203286.083285667
517,A12,28-May-05,460337.843924453
518,A13,29-May-05,66308.9490884109
519,A14,30-May-05,24642.5673353068
520,A15,31-May-05,141898.109568712
521,A16,1-Jun-05,131664.540551388
522,A17,2-Jun-05,191097.382376288
523,A18,3-Jun-05,114021.222069208
524,A19,3-Jul-05,272845.835654851
525,A20,3-Aug-05,185852.912421694
526,A21,3-Sep-05,440036.492547123
527,A22,3-Oct-05,252242.892946314
528,A23,3-Nov-05,340076.476230712
529,A24,3-Dec-05,234532.755719744
530,A25,3-Jan-06,48211.6804618466
531,A26,3-Feb-06,257878.78001726
532,A27,3-Mar-06,420366.610801154
533,A28,3-Apr-06,312467.166593567
534,A29,3-May-06,441603.127123826
535,A30,3-Jun-06,12699.2374794796
536,A12,3-Jul-06,228940.663881307
537,A13,3-Aug-06,43761.9175443091
538,A14,3-Sep-06,350316.50691384
539,A15,3-Oct-06,283991.312688699
540,A16,3-Nov-06,421366.138998779
541,A17,3-Dec-06,19422.0095563613
542,A18,12-Jan-04,421511.751366601
543,A19,3-Jan-04,492482.846797198
544,A20,15-Jan-04,441299.756391265
545,A21,25-Jan-04,145898.247752328
546,A22,17-Jan-05,491841.356833733
547,A23,23-Feb-05,60577.1504443949
548,A24,1-Feb-05,97314.9917356834
549,A25,5-Feb-04,180779.680087496
550,A26,28-Feb-05,34061.8852980459
551,A27,16-Feb-05,263808.90493792
552,A28,23-Feb-05,190729.324613805
553,A29,3-Feb-05,315602.380376981
554,A30,4-Feb-06,44479.1787625377
555,A12,25-Mar-06,301847.939261054
556,A13,31-Mar-06,413997.652932354
557,A14,23-Mar-06,26487.8921356909
558,A15,24-Mar-06,343507.304194418
559,A16,25-Mar-06,382691.72940805
560,A17,26-Mar-06,136604.310232942
561,A18,27-Mar-06,259080.144196531
562,A19,28-Mar-06,90958.6474970068
563,A20,29-Mar-06,192389.991539012
564,A21,30-Mar-06,18320.3213313924
565,A22,31-Mar-06,127219.389540341
566,A23,1-Apr-06,95313.2307606773
567,A24,2-Apr-06,421003.113662292
568,A25,3-Apr-06,167334.445547305
569,A26,4-Apr-06,136830.537610296
570,A27,12-Jan-04,416770.151235546
571,A28,3-Jan-04,229024.433014414
572,A29,15-Jan-04,306223.414414316
573,A30,25-Jan-04,55063.3336931194
574,A12,12-Jan-04,39116.7072735975
575,A13,3-Jan-04,113094.144162497
576,A14,15-Jan-04,225565.832476614
577,A15,25-Jan-04,148800.067442809
578,A16,12-Jan-04,404368.627174208
579,A17,3-Jan-04,252148.520542912
580,A18,15-Jan-04,192755.994444273
581,A19,25-Jan-04,82373.3821022816
582,A20,12-Jan-04,496732.730150622
583,A21,3-Jan-04,336766.00555855
584,A22,15-Jan-04,147929.002811588
585,A23,12-Jan-04,108678.620557771
586,A24,3-Jan-04,363083.828763579
587,A25,15-Jan-04,103984.631076188
588,A26,25-Jan-04,75088.2106566739
589,A27,17-Jan-05,416983.84596705
590,A28,23-Feb-05,143793.460051828
591,A29,1-Feb-05,202117.438065089
592,A30,5-Feb-04,463060.749676586
593,A12,28-Feb-05,178774.097050334
594,A13,16-Feb-05,300264.249057871
595,A14,23-Feb-05,47607.2617012353
596,A15,3-Feb-05,97470.571094596
597,A16,4-Feb-06,269809.602842253
598,A17,25-Mar-06,103171.007861382
599,A18,31-Mar-06,42564.264723657
600,A19,23-Mar-06,444641.218318366
601,A20,19-Mar-04,489900.559866688
602,A21,5-Mar-06,37839.4154066407
603,A22,4-Apr-05,203496.424466343
604,A23,30-Apr-06,465142.155480837
605,A24,25-Apr-04,265058.604899175
606,A25,19-Apr-06,293205.534889696
607,A26,6-Apr-04,102965.793177819
608,A27,27-Apr-05,301213.688233426
609,A28,5-May-04,420081.374380827
610,A29,6-May-06,102327.152841216
611,A30,7-May-05,486647.406566153
612,A21,8-May-06,218656.855511312
613,A22,9-May-05,458680.54430279
614,A23,10-May-06,99437.170879356
615,A24,11-Jul-06,296181.25498976
616,A25,12-Aug-05,107234.034703803
617,A26,5-May-04,194116.735836687
618,A27,6-May-06,119163.139120218
619,A28,7-May-05,14404.8764899369
620,A29,8-May-06,482334.538079408
621,A30,9-May-05,177051.578311412
622,A31,10-May-06,341964.142597222
623,A32,11-Jul-06,136536.29297532
624,A33,12-Aug-05,6654.64185754233
625,A34,13-Sep-04,357130.963445926
626,A35,20-Nov-05,416010.080247117
627,A36,21-Nov-06,256688.859840246
628,A37,22-Nov-05,191622.605490894
629,A38,23-Nov-04,291568.185981454
630,A39,24-May-05,168089.482266563
631,A40,25-May-05,347225.383411732
632,A41,26-May-05,203322.968878879
633,A42,27-May-05,264212.211517967
634,A43,28-May-05,117273.972750075
635,A44,29-May-05,295282.92751407
636,A45,30-May-05,202212.171385939
637,A46,31-May-05,436762.631290517
638,A47,1-Jun-05,85964.3572110894
639,A48,2-Jun-05,338554.463275277
640,A49,3-Jun-05,229856.101615932
641,A21,3-Jul-05,174090.358101691
642,A22,3-Aug-05,358473.239884149
643,A23,3-Sep-05,51006.3057973573
644,A24,3-Oct-05,336080.995018323
645,A25,3-Nov-05,119408.973322636
646,A26,3-Dec-05,198693.47446018
647,A27,3-Jan-06,20731.1558115288
648,A28,3-Feb-06,438099.239785495
649,A29,3-Mar-06,151006.843657012
650,A30,3-Apr-06,38187.8945993169
651,A31,3-May-06,330261.127923131
652,A32,3-Jun-06,44010.1287795886
653,A33,3-Jul-06,233334.273950335
654,A34,3-Aug-06,207601.694771919
655,A35,3-Sep-06,109240.166102471
656,A36,3-Oct-06,48299.859544699
657,A37,3-Nov-06,234371.760474546
658,A38,3-Dec-06,201224.417235101
659,A39,12-Jan-04,494071.341772144
660,A40,3-Jan-04,131254.287648716
661,A41,15-Jan-04,472627.734900855
662,A42,25-Jan-04,63045.4866944106
663,A43,17-Jan-05,351363.231315828
664,A44,23-Feb-05,8310.31742540828
665,A45,1-Feb-05,417549.439426789
666,A46,5-Feb-04,84589.8296606716
667,A47,28-Feb-05,415037.487895186
668,A48,16-Feb-05,457454.846805383
669,A49,23-Feb-05,13154.7259553761
670,A21,3-Feb-05,193926.768214623
671,A22,4-Feb-06,370297.017740671
672,A23,25-Mar-06,420420.348212536
673,A24,31-Mar-06,167007.280644977
674,A25,23-Mar-06,380603.389611287
675,A26,24-Mar-06,481341.813797237
676,A27,25-Mar-06,281849.026685366
677,A28,26-Mar-06,484113.787146252
678,A29,27-Mar-06,295703.244673765
679,A30,28-Mar-06,266613.739817117
680,A31,29-Mar-06,490779.981500855
681,A32,30-Mar-06,300214.636941352
682,A33,31-Mar-06,404004.057086021
683,A34,1-Apr-06,159405.70836392
684,A35,2-Apr-06,215864.281933763
685,A36,3-Apr-06,364333.39240579
686,A37,4-Apr-06,190188.65109183
687,A38,12-Jan-04,267532.190828058
688,A39,3-Jan-04,116707.911385849
689,A40,15-Jan-04,416440.508143435
690,A41,25-Jan-04,339737.763235479
691,A42,12-Jan-04,179150.922225294
692,A43,3-Jan-04,156552.444447528
693,A44,15-Jan-04,160201.082166487
694,A45,25-Jan-04,57760.9782186613
695,A46,12-Jan-04,128618.489915254
696,A47,3-Jan-04,31913.6382135788
697,A48,15-Jan-04,381091.872470114
698,A49,25-Jan-04,150225.865671492
699,A21,12-Jan-04,455028.886621176
700,A22,3-Jan-04,422716.930247278
701,A23,15-Jan-04,238864.434668523
702,A24,12-Jan-04,401137.81717896
703,A25,3-Jan-04,228053.752049048
704,A26,15-Jan-04,405900.545287224
705,A27,25-Jan-04,54855.5241881947
706,A28,17-Jan-05,260066.612828985
707,A29,23-Feb-05,334841.21715613
708,A30,1-Feb-05,391397.739913129
709,A31,5-Feb-04,124198.318592754
710,A32,28-Feb-05,344517.941323851
711,A33,16-Feb-05,152675.556578237
712,A34,23-Feb-05,8875.92707117646
713,A35,3-Feb-05,40880.6653299935
714,A36,4-Feb-06,171472.402928412
715,A37,25-Mar-06,499344.94017037
716,A38,31-Mar-06,17415.7053336751
717,A39,23-Mar-06,84237.1736839279
718,A40,19-Mar-04,449060.919641496
719,A41,5-Mar-06,263495.090334302
720,A42,4-Apr-05,252036.601430152
721,A43,30-Apr-06,98224.2226906344
722,A44,25-Apr-04,66678.647862312
723,A45,19-Apr-06,496519.66047069
724,A46,6-Apr-04,479354.813185174
725,A47,27-Apr-05,221609.76108271
726,A48,5-May-04,159747.761803565
727,A49,6-May-06,423933.621268392
728,A21,7-May-05,252487.847847714
729,A22,8-May-06,497163.529407264
730,A23,9-May-05,149710.711930717
731,A24,10-May-06,378500.695424415
732,A25,11-Jul-06,97198.6064032521
733,A26,12-Aug-05,107207.27960986
734,A27,5-May-04,78726.4287174341
735,A28,6-May-06,231553.101094866
736,A29,7-May-05,225241.187852419
737,A30,8-May-06,462302.978554339
738,A31,9-May-05,32331.1040571682
739,A32,10-May-06,181465.013597199
740,A33,11-Jul-06,431736.428613589
741,A34,12-Aug-05,38898.9658910786
742,A35,13-Sep-04,341349.544820512
743,A36,20-Nov-05,374940.415232465
744,A37,21-Nov-06,439443.195513233
745,A38,22-Nov-05,291899.660592275
746,A39,23-Nov-04,227648.549785727
747,A40,24-May-05,46010.3118887863
748,A41,25-May-05,218450.968510721
749,A42,26-May-05,235161.225249403
750,A43,27-May-05,299022.725115192
751,A44,28-May-05,424716.623196673
752,A45,29-May-05,96137.1675803093
753,A46,30-May-05,107831.523967536
754,A47,31-May-05,419779.718883649
755,A48,1-Jun-05,470948.274128
756,A49,2-Jun-05,392247.63782366
757,A21,3-Jun-05,486610.156358651
758,A22,3-Jul-05,326352.345695577
759,A23,3-Aug-05,141627.270145778
760,A24,3-Sep-05,91333.6144396088
761,A25,3-Oct-05,79598.8538605574
762,A26,3-Nov-05,230338.057924906
763,A27,3-Dec-05,95633.0654346492
764,A28,3-Jan-06,320582.180225397
765,A29,3-Feb-06,368324.271394124
766,A30,3-Mar-06,491672.777100976
767,A31,3-Apr-06,224749.120288477
768,A32,3-May-06,332128.395565593
769,A33,3-Jun-06,61663.3084677761
770,A34,3-Jul-06,412975.526768247
771,A35,3-Aug-06,38422.8868795576
772,A36,3-Sep-06,370227.373517279
773,A37,3-Oct-06,261453.599385082
774,A38,3-Nov-06,133395.407575142
775,A39,3-Dec-06,136117.10111463
776,A40,12-Jan-04,93199.5685702048
777,A41,3-Jan-04,427394.436983685
778,A42,15-Jan-04,193358.68165783
779,A43,25-Jan-04,404037.237666353
780,A44,17-Jan-05,389199.046094938
781,A45,23-Feb-05,457683.602562214
782,A46,1-Feb-05,447790.876407054
783,A47,5-Feb-04,79890.7403897189
784,A48,28-Feb-05,85383.9401655067
785,A49,16-Feb-05,302288.141981908
786,A21,23-Feb-05,384602.058011864
787,A22,3-Feb-05,466747.738230693
788,A23,4-Feb-06,88559.1469156902
789,A24,25-Mar-06,19670.8049167316
790,A25,31-Mar-06,412885.524633724
791,A26,23-Mar-06,407922.168439523
792,A27,24-Mar-06,440311.08683069
793,A28,25-Mar-06,392687.170014068
794,A29,26-Mar-06,188041.563497894
795,A30,27-Mar-06,212196.521145006
796,A31,28-Mar-06,303562.611529435
797,A32,29-Mar-06,21181.0984211101
798,A33,30-Mar-06,388441.907839647
799,A34,31-Mar-06,17308.3232023951
800,A35,1-Apr-06,465920.054358611
801,A36,2-Apr-06,227890.156411591
802,A37,3-Apr-06,90265.6045021761
803,A38,4-Apr-06,285013.385504708
804,A39,12-Jan-04,350733.745529853
805,A40,3-Jan-04,406899.626513608
806,A41,15-Jan-04,363212.277208527
807,A42,25-Jan-04,172758.840689373
808,A43,12-Jan-04,463183.330340438
809,A44,3-Jan-04,142562.10885319
810,A45,15-Jan-04,57789.3317324714
811,A46,25-Jan-04,415971.413127422
812,A47,12-Jan-04,199147.222454034
813,A48,3-Jan-04,295238.012108473
814,A49,15-Jan-04,477431.691276219
815,A21,25-Jan-04,5831.58084255947
816,A22,12-Jan-04,306358.669787377
817,A23,3-Jan-04,126415.152810842
818,A24,15-Jan-04,355564.943987279
819,A25,12-Jan-04,181576.497354288
820,A26,3-Jan-04,292867.830783571
821,A27,15-Jan-04,490914.149666553
822,A28,25-Jan-04,59994.3783533561
823,A29,17-Jan-05,418608.364999726
824,A30,23-Feb-05,493430.257274128
825,A31,1-Feb-05,10239.5433164181
826,A32,5-Feb-04,463114.557529477
827,A33,28-Feb-05,475280.972034217
828,A34,16-Feb-05,353883.815405431
829,A35,23-Feb-05,460680.556032918
830,A36,3-Feb-05,108422.800503569
831,A37,4-Feb-06,239005.459461336
832,A38,25-Mar-06,248684.979279084
833,A39,31-Mar-06,308195.764407582
834,A40,23-Mar-06,337823.715274202
835,A41,19-Mar-04,465141.057125902
836,A42,5-Mar-06,215361.300752639
837,A43,4-Apr-05,438606.93086126
838,A44,30-Apr-06,426587.8866865
839,A45,25-Apr-04,101835.462064846
840,A46,19-Apr-06,418880.894563915
841,A47,6-Apr-04,164009.612822553
842,A48,27-Apr-05,370687.548759708
843,A49,5-May-04,61077.474911466
844,A21,6-May-06,254396.630390992
845,A22,7-May-05,287072.189404388
846,A23,8-May-06,284087.676544916
847,A24,9-May-05,102219.797234737
848,A25,10-May-06,10440.8737838663
849,A26,11-Jul-06,210609.373450516
850,A27,12-Aug-05,467152.772349345
851,A28,5-May-04,19689.0248507817
852,A29,6-May-06,397962.918892251
853,A30,7-May-05,193299.137058822
854,A31,8-May-06,312593.375785061
855,A32,9-May-05,195384.609418573
856,A33,10-May-06,439496.076276861
857,A34,11-Jul-06,326378.104424988
858,A35,12-Aug-05,458103.821073321
859,A36,13-Sep-04,256934.953744671
860,A37,20-Nov-05,415835.544217536
861,A38,21-Nov-06,327834.454369435
862,A39,22-Nov-05,136498.52293193
863,A40,23-Nov-04,8332.26509878476
864,A41,24-May-05,84179.8611337421
865,A42,25-May-05,174805.230693953
866,A43,26-May-05,329913.655123783
867,A44,27-May-05,191027.724205983
868,A45,28-May-05,438013.018314686
869,A46,29-May-05,216548.120485775
870,A47,30-May-05,322633.94993682
871,A48,31-May-05,345003.023588994
872,A49,1-Jun-05,482088.128146189
873,A21,2-Jun-05,238257.557054091
874,A22,3-Jun-05,166362.038947505
875,A23,3-Jul-05,203389.956430019
876,A24,3-Aug-05,395880.722764394
877,A25,3-Sep-05,90216.0047938466
878,A26,3-Oct-05,120080.786077881
879,A27,3-Nov-05,430278.54131191
880,A28,3-Dec-05,323231.123232189
881,A29,3-Jan-06,80511.2031828078
882,A30,3-Feb-06,243401.193082233
883,A31,3-Mar-06,392464.84222796
884,A32,3-Apr-06,119988.571483927
885,A33,3-May-06,342786.751785211
886,A34,3-Jun-06,158316.339401591
887,A35,3-Jul-06,457997.838138243
888,A36,3-Aug-06,40843.8479850218
889,A37,3-Sep-06,112081.164890759
890,A38,3-Oct-06,86343.422251385
891,A39,3-Nov-06,358871.179358371
892,A40,3-Dec-06,349713.070959942
893,A41,12-Jan-04,149790.899036269
894,A42,3-Jan-04,204382.680388672
895,A43,15-Jan-04,117624.865979133
896,A44,25-Jan-04,66425.3455174504
897,A45,17-Jan-05,228547.781345944
898,A46,23-Feb-05,46468.7210283434
899,A47,1-Feb-05,422013.624757474
900,A48,5-Feb-04,294439.882623136
901,A49,28-Feb-05,71022.8630546522
902,A21,16-Feb-05,15588.7770098698
903,A22,23-Feb-05,402990.61832416
904,A23,3-Feb-05,29887.5692063138
905,A24,4-Feb-06,404104.020441496
906,A25,25-Mar-06,399392.312026037
907,A26,31-Mar-06,111176.726985133
908,A27,23-Mar-06,194559.966385365
909,A28,24-Mar-06,384651.518788546
910,A29,25-Mar-06,315093.764716091
911,A30,26-Mar-06,138555.252914444
912,A31,27-Mar-06,55215.4532298297
913,A32,28-Mar-06,301861.371168165
914,A33,29-Mar-06,328257.960350912
915,A34,30-Mar-06,56654.1962592642
916,A35,31-Mar-06,471746.737293318
917,A36,1-Apr-06,267733.787209465
918,A37,2-Apr-06,302098.169621045
919,A38,3-Apr-06,468720.541116047
920,A39,4-Apr-06,299067.427942966
921,A40,12-Jan-04,134485.632206093
922,A41,3-Jan-04,296358.205744757
923,A42,15-Jan-04,161906.617372617
924,A43,25-Jan-04,338658.732050316
925,A44,12-Jan-04,103151.208617847
926,A45,3-Jan-04,179756.390602869
927,A46,15-Jan-04,277429.171158355
928,A47,25-Jan-04,222105.341025695
929,A48,12-Jan-04,296934.640645026
930,A49,3-Jan-04,121356.890150558
931,A21,15-Jan-04,53734.2277355658
932,A22,25-Jan-04,483934.17876183
933,A23,12-Jan-04,404934.264817207
934,A24,3-Jan-04,6377.56256578825
935,A25,15-Jan-04,424545.932185103
936,A26,12-Jan-04,367548.556027315
937,A27,3-Jan-04,317763.121684362
938,A28,15-Jan-04,139021.321180506
939,A29,25-Jan-04,21159.4030418661
940,A30,17-Jan-05,342555.316294326
941,A31,23-Feb-05,321515.921097025
942,A32,1-Feb-05,14146.7327507906
943,A33,5-Feb-04,382097.513548218
944,A34,28-Feb-05,194770.507136986
945,A35,16-Feb-05,228480.699738418
946,A36,23-Feb-05,24102.3226917497
947,A37,3-Feb-05,423625.136349622
948,A38,4-Feb-06,279274.00383725
949,A39,25-Mar-06,282014.896692974
950,A40,31-Mar-06,465872.253249198
951,A41,23-Mar-06,39701.7491363501
952,A42,19-Mar-04,196318.175185904
953,A43,5-Mar-06,101746.721411333
954,A44,4-Apr-05,89550.7389387801
955,A45,30-Apr-06,418891.861858072
956,A46,25-Apr-04,454279.169016412
957,A47,19-Apr-06,465503.821809819
958,A48,6-Apr-04,75789.9639378364
959,A49,27-Apr-05,435564.821862434
960,A21,5-May-04,212026.764798407
961,A22,6-May-06,128466.254994314
962,A23,7-May-05,136938.783519355
963,A24,8-May-06,25094.1841339907
964,A25,9-May-05,161906.371670052
965,A26,10-May-06,3144.48261402445
966,A27,11-Jul-06,450349.664341422
967,A28,12-Aug-05,95563.9971755249
968,A29,5-May-04,74815.8279891481
969,A30,6-May-06,7299.87858898407
970,A31,7-May-05,178430.61247202
971,A32,8-May-06,443322.454004921
972,A33,9-May-05,155589.98098757
973,A34,10-May-06,308010.814052891
974,A35,11-Jul-06,412538.056967527
975,A36,12-Aug-05,313948.402886486
976,A37,13-Sep-04,416225.470446152
977,A38,20-Nov-05,357702.37567351
978,A39,21-Nov-06,384311.415317
979,A40,22-Nov-05,481736.789311427
980,A41,23-Nov-04,39726.4446799587
981,A42,24-May-05,218088.309225145
982,A43,25-May-05,309647.515134474
983,A44,26-May-05,300323.572304029
984,A45,27-May-05,228549.289990205
985,A46,28-May-05,158685.797868143
986,A47,29-May-05,345801.836535017
987,A48,30-May-05,406645.977184202
988,A49,31-May-05,277304.057645352
989,A36,1-Jun-05,290204.983333216
990,A37,2-Jun-05,375407.24188528
991,A38,3-Jun-05,203197.007550733
992,A39,3-Jul-05,333629.513358711
993,A40,3-Aug-05,162088.642349814
994,A41,3-Sep-05,430357.184563763
995,A42,3-Oct-05,143127.430906876
996,A43,3-Nov-05,358721.010589615
997,A44,3-Dec-05,476157.352419174
998,A45,3-Jan-06,223942.659272464
999,A46,3-Feb-06,100631.711613436
1000,A47,3-Mar-06,105314.892251297
1001,A48,3-Apr-06,16066.5054984767
1002,A49,3-May-06,322330.208944506
1003,A50,3-Jun-06,352473.758235931
1004,A51,3-Jul-06,27884.0809017835
1005,A52,3-Aug-06,238407.234218272
1006,A53,3-Sep-06,398869.21249441
1007,A54,3-Oct-06,142954.167038585
1008,A55,3-Nov-06,99262.4326403614
1009,A56,3-Dec-06,443880.449250805
1010,A57,12-Jan-04,419293.645881036
1011,A58,3-Jan-04,362467.209761965
1012,A59,15-Jan-04,487209.213267135
1013,A60,25-Jan-04,149751.180852532
1014,A61,17-Jan-05,336470.56975886
1015,A60,23-Feb-05,426870.690966506
1016,A61,1-Feb-05,319525.475989601
1017,A62,5-Feb-04,128710.343588517
1018,A36,28-Feb-05,106495.241214926
1019,A37,16-Feb-05,431645.338078022
1020,A38,23-Feb-05,155832.234432347
1021,A39,3-Feb-05,166897.871380307
1022,A40,4-Feb-06,324868.238958054
1023,A41,25-Mar-06,103506.808934369
1024,A42,31-Mar-06,260025.291127613
1025,A43,23-Mar-06,39962.5372513057
1026,A44,24-Mar-06,433223.591485643
1027,A45,25-Mar-06,408920.87298976
1028,A46,26-Mar-06,389163.876270645
1029,A47,27-Mar-06,170581.812502695
1030,A48,28-Mar-06,161683.656688224
1031,A49,29-Mar-06,430471.990958953
1032,A50,30-Mar-06,194691.775898203
1033,A51,31-Mar-06,3811.76783797516
1034,A52,1-Apr-06,370123.692720496
1035,A53,2-Apr-06,366043.984562634
1036,A54,3-Apr-06,83599.3281533083
1037,A55,4-Apr-06,327138.401486427
1038,A56,12-Jan-04,129018.400474138
1039,A57,3-Jan-04,473547.11759615
1040,A58,15-Jan-04,59838.2900830626
1041,A59,25-Jan-04,195844.584874748
1042,A60,12-Jan-04,296377.102845189
1043,A61,3-Jan-04,267753.154099235
1044,A60,15-Jan-04,423465.143656752
1045,A61,25-Jan-04,50704.1824024022
1046,A62,12-Jan-04,270745.081036382
1047,A36,3-Jan-04,17794.1976452389
1048,A37,15-Jan-04,99462.9731782152
1049,A38,25-Jan-04,36864.2117027081
1050,A39,12-Jan-04,160617.39189481
1051,A40,3-Jan-04,325446.0660577
1052,A41,15-Jan-04,472718.025196312
1053,A42,12-Jan-04,291093.256197823
1054,A43,3-Jan-04,327758.867019924
1055,A44,15-Jan-04,442509.110078566
1056,A45,25-Jan-04,271127.438691775
1057,A46,17-Jan-05,386136.860577157
1058,A47,23-Feb-05,468482.538636911
1059,A48,1-Feb-05,118807.342555796
1060,A49,5-Feb-04,360129.986027712
1061,A50,28-Feb-05,284984.052142296
1062,A51,16-Feb-05,439914.127120595
1063,A52,23-Feb-05,13412.8118337019
1064,A53,3-Feb-05,234067.752241181
1065,A54,4-Feb-06,323101.267068204
1066,A55,25-Mar-06,285539.052849115
1067,A56,31-Mar-06,457523.388556345
1068,A57,23-Mar-06,366406.904333383
1069,A58,19-Mar-04,304693.845505414
1070,A59,5-Mar-06,180556.07348104
1071,A60,4-Apr-05,6227.29183445425
1072,A61,30-Apr-06,7568.56040266185
1073,A60,25-Apr-04,161685.024045327
1074,A61,19-Apr-06,294622.824374353
1075,A62,6-Apr-04,197588.983916575
1076,A36,27-Apr-05,246803.620381937
1077,A37,5-May-04,247533.484665415
1078,A38,6-May-06,420208.365544943
1079,A39,7-May-05,258819.728804566
1080,A40,8-May-06,428659.267304242
1081,A41,9-May-05,292126.465126838
1082,A42,10-May-06,12995.2969923781
1083,A43,11-Jul-06,170642.323969886
1084,A44,12-Aug-05,292050.816806927
1085,A45,5-May-04,483513.922347122
1086,A46,6-May-06,111163.376219764
1087,A47,7-May-05,108172.721961567
1088,A48,8-May-06,208086.69480335
1089,A49,9-May-05,429354.629462783
1090,A50,10-May-06,172176.882537043
1091,A51,11-Jul-06,32382.1814129284
1092,A52,12-Aug-05,289487.450427271
1093,A53,13-Sep-04,414898.08838748
1094,A54,20-Nov-05,197851.362376697
1095,A55,21-Nov-06,1128.94958998522
1096,A56,22-Nov-05,315751.034879471
1097,A57,23-Nov-04,51232.5888765361
1098,A58,24-May-05,277718.573102294
1099,A59,25-May-05,12002.0490598418
1100,A60,26-May-05,345410.489959686
1101,A61,27-May-05,321035.974865564
1102,A60,28-May-05,27415.2610717085
1103,A61,29-May-05,139037.782541704
1104,A62,30-May-05,227217.918338816
1105,A36,31-May-05,122960.545487532
1106,A37,1-Jun-05,384928.07192898
1107,A38,2-Jun-05,284917.584858956
1108,A39,3-Jun-05,331467.352766847
1109,A40,3-Jul-05,304270.441768231
1110,A41,3-Aug-05,190057.835419116
1111,A42,3-Sep-05,298821.017496529
1112,A43,3-Oct-05,326908.219275086
1113,A44,3-Nov-05,57724.7701295153
1114,A45,3-Dec-05,260353.71191289
1115,A46,3-Jan-06,319323.31394525
1116,A47,3-Feb-06,356148.827213951
1117,A48,3-Mar-06,90319.3960266987
1118,A49,3-Apr-06,340318.069635219
1119,A50,3-May-06,210221.976705935
1120,A51,3-Jun-06,131169.910040949
1121,A52,3-Jul-06,224665.548414813
1122,A53,3-Aug-06,30235.73142539
1123,A54,3-Sep-06,245305.451792422
1124,A55,3-Oct-06,151774.70062964
1125,A56,3-Nov-06,70304.5724297547
1126,A57,3-Dec-06,282263.056992379
1127,A58,12-Jan-04,377727.963261541
1128,A59,3-Jan-04,409174.685821361
1129,A60,15-Jan-04,462176.136078856
1130,A61,25-Jan-04,383315.1166395
1131,A60,17-Jan-05,165421.925537488
1132,A61,23-Feb-05,466394.669463136
1133,A62,1-Feb-05,496662.767545549
1134,A36,5-Feb-04,81492.5726169773
1135,A37,28-Feb-05,25114.287799859
1136,A38,16-Feb-05,60363.2924194062
1137,A39,23-Feb-05,415094.057257257
1138,A40,3-Feb-05,79113.5269693057
1139,A41,4-Feb-06,426632.805875842
1140,A42,25-Mar-06,26942.1721208783
1141,A43,31-Mar-06,349145.193038121
1142,A44,23-Mar-06,132092.089367273
1143,A45,24-Mar-06,104592.750976883
1144,A46,25-Mar-06,253398.092886071
1145,A47,26-Mar-06,492785.673431137
1146,A48,27-Mar-06,164153.201751267
1147,A49,28-Mar-06,226780.423164373
1148,A50,29-Mar-06,39376.3991934517
1149,A51,30-Mar-06,238903.974297121
1150,A52,31-Mar-06,260260.334834135
1151,A53,1-Apr-06,149485.224115211
1152,A54,2-Apr-06,322715.766873134
1153,A55,3-Apr-06,429089.337216207
1154,A56,4-Apr-06,366344.196654873
1155,A57,12-Jan-04,331551.024759365
1156,A58,3-Jan-04,176385.368565902
1157,A59,15-Jan-04,349259.209320898
1158,A60,25-Jan-04,182293.213704168
1159,A61,12-Jan-04,301807.542707716
1160,A60,3-Jan-04,160288.821228459
1161,A61,15-Jan-04,303692.566163407
1162,A62,25-Jan-04,317899.850303372
1163,A36,12-Jan-04,494638.448011011
1164,A37,3-Jan-04,107253.777045898
1165,A38,15-Jan-04,312309.565910591
1166,A39,25-Jan-04,292273.879626169
1167,A40,12-Jan-04,350966.457307347
1168,A41,3-Jan-04,376903.744487807
1169,A42,15-Jan-04,347805.978802489
1170,A43,12-Jan-04,217450.855524674
1171,A44,3-Jan-04,224646.668506598
1172,A45,15-Jan-04,401728.923394606
1173,A46,25-Jan-04,229289.256248188
1174,A47,17-Jan-05,450851.957351981
1175,A48,23-Feb-05,231176.577713579
1176,A49,1-Feb-05,153704.905957462
1177,A50,5-Feb-04,28338.1353343856
1178,A51,28-Feb-05,106383.666382064
1179,A52,16-Feb-05,109274.06767537
1180,A53,23-Feb-05,40156.1040693426
1181,A54,3-Feb-05,29027.3790131563
1182,A55,4-Feb-06,241514.474187058
1183,A56,25-Mar-06,363672.674922253
1184,A57,31-Mar-06,354957.659776168
1185,A58,23-Mar-06,226462.491301896
1186,A59,19-Mar-04,222355.362635041
1187,A60,5-Mar-06,108206.25556408
1188,A61,4-Apr-05,1609.89899519726
1189,A60,30-Apr-06,430812.951748957
1190,A61,25-Apr-04,353682.959803379
1191,A62,19-Apr-06,358989.636188045
1192,A36,6-Apr-04,33219.172513404
1193,A37,27-Apr-05,71602.6986499971
1194,A38,5-May-04,98551.404606286
1195,A39,6-May-06,289826.98758443
1196,A40,7-May-05,219167.583357026
1197,A41,8-May-06,494209.229969824
1198,A42,9-May-05,229297.901081011
1199,A43,10-May-06,368717.182430829
1200,A44,11-Jul-06,361375.784058889
1201,A45,12-Aug-05,262754.551105523
1202,A46,17-Jan-05,7356.64311985923
1203,A47,23-Feb-05,184357.077430449
1204,A48,1-Feb-05,154746.621339458
1205,A49,5-Feb-04,278446.086098744
1206,A50,28-Feb-05,69518.9494510466
1207,A51,16-Feb-05,299918.149438485
1208,A52,23-Feb-05,243407.353088485
1209,A53,3-Feb-05,264068.290504346
1210,A54,4-Feb-06,373264.90811002
1211,A55,25-Mar-06,469265.962124678
1212,A56,31-Mar-06,232229.798517529
1213,A57,23-Mar-06,47097.9045165027
1214,A58,19-Mar-04,218305.460975401
1215,A59,5-Mar-06,218720.826365706
1216,A60,4-Apr-05,195590.092444005
1217,A61,30-Apr-06,177525.344392751
1218,A60,25-Apr-04,331218.684466435
1219,A61,19-Apr-06,102733.911809206
1220,A62,6-Apr-04,488506.317756017
1221,A36,27-Apr-05,169299.172550884
1222,A37,5-May-04,150921.894072099
1223,A38,6-May-06,331885.740338798
1224,A39,7-May-05,248595.129371761
1225,A40,8-May-06,495987.098174807
1226,A41,9-May-05,196302.269111153
1227,A42,10-May-06,285432.78974154
1228,A43,11-Jul-06,127468.201056624
1229,A44,12-Aug-05,281157.5376454
1230,A45,13-Sep-04,116770.112983537
1231,A46,20-Nov-05,129690.866101936
1232,A47,21-Nov-06,209539.815708164
1233,A48,22-Nov-05,445928.698720855
1234,A49,23-Nov-04,160964.149481076
1235,A50,24-May-05,276972.053446643
1236,A51,25-May-05,479889.277531669
1237,A52,26-May-05,408874.715568423
1238,A53,27-May-05,140801.199499553
1239,A54,28-May-05,221351.841887494
1240,A55,29-May-05,77368.9940448433
1241,A56,30-May-05,284477.851623255
1242,A57,31-May-05,330030.912236651
1243,A58,1-Jun-05,370792.305234861
1244,A59,2-Jun-05,1545.26794991761
1245,A60,3-Jun-05,51389.4459804847
1246,A61,3-Jul-05,230477.261144718
1247,A60,3-Aug-05,316451.485967384
1248,A61,3-Sep-05,365001.947106744
1249,A62,3-Oct-05,326229.426528392
1250,A36,3-Nov-05,458347.27085612
1251,A37,3-Dec-05,444562.797041048
1252,A38,3-Jan-06,62466.3999208455
1253,A39,3-Feb-06,81087.01452348
1254,A40,3-Mar-06,445597.417640293
1255,A41,3-Apr-06,441063.714827937
1256,A42,3-May-06,347370.802489426
1257,A43,3-Jun-06,420480.506330188
1258,A44,3-Jul-06,32855.5017849815
1259,A45,3-Aug-06,192079.792133081
1260,A46,3-Sep-06,53219.2529868122
1261,A47,3-Oct-06,218986.482381581
1262,A48,3-Nov-06,419416.676626227
1263,A49,3-Dec-06,154390.368880645
1264,A50,12-Jan-04,321916.55975557
1265,A51,3-Jan-04,69397.9716859286
1266,A52,15-Jan-04,404922.852622125
1267,A53,25-Jan-04,81548.4667072896
1268,A54,17-Jan-05,300908.550517476
1269,A55,23-Feb-05,387677.577888699
1270,A56,1-Feb-05,486354.952300848
1271,A57,5-Feb-04,94549.896189122
1272,A58,28-Feb-05,245106.958839694
1273,A59,16-Feb-05,470960.284443676
1274,A60,23-Feb-05,318539.587042939
1275,A61,3-Feb-05,171999.865748152
1276,A60,4-Feb-06,406995.584221977
1277,A61,25-Mar-06,149290.502394589
1278,A62,31-Mar-06,234889.244655513
1279,A36,23-Mar-06,122252.621504761
1280,A37,24-Mar-06,146967.8437973
1281,A38,25-Mar-06,72349.3701415235
1282,A39,26-Mar-06,364874.85275447
1283,A40,27-Mar-06,441003.462247925
1284,A41,28-Mar-06,212603.604820495
1285,A42,29-Mar-06,320594.394937601
1286,A43,30-Mar-06,372535.494679936
1287,A44,31-Mar-06,304870.276913193
1288,A45,1-Apr-06,160215.435689851
1289,A46,2-Apr-06,350864.157301658
1290,A47,3-Apr-06,99690.2286487217
1291,A48,4-Apr-06,76770.9574845755
1292,A49,12-Jan-04,299345.007971999
1293,A50,3-Jan-04,23134.6621218372
1294,A51,15-Jan-04,90563.3114937581
1295,A52,25-Jan-04,182284.437283311
1296,A53,12-Jan-04,229833.003816957
1297,A54,3-Jan-04,206793.30878136
1298,A55,15-Jan-04,193766.793418678
1299,A56,25-Jan-04,225792.760769021
1300,A57,12-Jan-04,148440.21485173
1301,A58,3-Jan-04,224730.318832988
1302,A59,15-Jan-04,165158.38487098
1303,A60,25-Jan-04,213278.357573579
1304,A61,12-Jan-04,32750.1338800426
1305,A60,3-Jan-04,97849.0978787086
1306,A61,15-Jan-04,224523.482115162
1307,A62,12-Jan-04,266240.180825741
1308,A36,3-Jan-04,246358.870201857
1309,A37,15-Jan-04,259997.079041532
1310,A38,25-Jan-04,77961.4221538327
1311,A39,17-Jan-05,365171.947886814
1312,A40,23-Feb-05,268825.894417673
1313,A41,1-Feb-05,334706.124484643
1314,A42,5-Feb-04,48727.2610674572
1315,A43,28-Feb-05,84496.2338064149
1316,A44,16-Feb-05,433690.512565274
1317,A45,23-Feb-05,185340.434008773
1318,A46,3-Feb-05,165401.676140646
1319,A47,4-Feb-06,454932.976125512
1320,A48,25-Mar-06,474001.430843033
1321,A49,31-Mar-06,294519.301270704
1322,A50,23-Mar-06,416056.528051522
1323,A51,19-Mar-04,302975.503149755
1324,A52,5-Mar-06,323338.86569142
1325,A53,4-Apr-05,144251.722747976
1326,A54,30-Apr-06,407409.881183379
1327,A55,25-Apr-04,611.043628153451
1328,A56,19-Apr-06,493029.547760867
1329,A57,6-Apr-04,163775.475247884
1330,A58,27-Apr-05,49579.2503056434
1331,A59,5-May-04,131796.724751275
1332,A60,6-May-06,128688.201204183
1333,A61,7-May-05,130548.124642208
1334,A60,8-May-06,139619.472504306
1335,A61,9-May-05,233684.546043148
1336,A62,10-May-06,125255.491958922
1337,A36,11-Jul-06,188320.606992426
1338,A37,12-Aug-05,330665.412942552
1339,A38,13-Sep-04,423788.020596543
1340,A39,20-Nov-05,440151.018199542
1341,A40,21-Nov-06,108020.410061371
1342,A41,22-Nov-05,57821.1760488783
1343,A42,23-Nov-04,211810.250883409
1344,A43,24-May-05,322598.781358721
1345,A44,25-May-05,285341.188694554
1346,A45,5-May-04,291580.184392309
1347,A46,6-May-06,425560.053704539
1348,A47,7-May-05,292864.94577568
1349,A48,8-May-06,441733.896950286
1350,A49,9-May-05,65584.8291167793
1351,A50,10-May-06,261700.615455892
1352,A51,11-Jul-06,183209.72312146
1353,A52,12-Aug-05,207385.353274176
1354,A53,13-Sep-04,368833.211519397
1355,A54,20-Nov-05,120536.90113633
1356,A55,21-Nov-06,98069.0033173927
1357,A56,22-Nov-05,237208.544689697
1358,A57,23-Nov-04,361150.96662947
1359,A58,24-May-05,45930.3056444311
1360,A59,25-May-05,87222.806274739
1361,A60,26-May-05,399677.835281634
1362,A61,27-May-05,348215.866993982
1363,A60,17-Jan-05,108818.293354123
1364,A61,23-Feb-05,160673.592405802
1365,A62,1-Feb-05,115153.8223452
1366,A36,5-Feb-04,172322.446797391
1367,A37,28-Feb-05,251063.281852268
1368,A38,16-Feb-05,225089.011718947
1369,A39,23-Feb-05,79006.4792492158
1370,A40,3-Feb-05,471500.570353919
1371,A41,4-Feb-06,117008.194213601
1372,A42,25-Mar-06,179811.590289267
1373,A43,31-Mar-06,259738.039951303
1374,A44,23-Mar-06,15502.8986719446
1375,A45,19-Mar-04,206685.895108488
1376,A46,5-Mar-06,373961.456535516
1377,A47,4-Apr-05,95348.3508868564
1378,A48,30-Apr-06,285875.13487012
1379,A49,25-Apr-04,273633.048167002
1380,A50,19-Apr-06,372585.308837466
1381,A51,6-Apr-04,192085.755607702
1382,A52,27-Apr-05,236643.919188013
1383,A53,5-May-04,94186.5234243792
1384,A54,6-May-06,77238.6888841973
1385,A55,7-May-05,110268.022923786
1386,A56,8-May-06,238669.587181451
1387,A57,9-May-05,15627.716471799
1388,A58,10-May-06,235785.090119835
1389,A59,11-Jul-06,139114.275721222
1390,A60,12-Aug-05,200510.039743706
1391,A61,13-Sep-04,463968.851632404
1392,A60,20-Nov-05,109911.56585257
1393,A61,21-Nov-06,59218.1200423564
1394,A62,22-Nov-05,462980.701529696
1395,A36,23-Nov-04,294181.400033388
1396,A37,24-May-05,123280.958672804
1397,A38,25-May-05,169243.498348787
1398,A39,26-May-05,83875.6229543621
1399,A40,27-May-05,1284.6495127406
1400,A41,28-May-05,61463.9692864057
1401,A42,29-May-05,55872.3058351081
1402,A43,30-May-05,366202.097577401
1403,A44,31-May-05,81604.7864758262
1404,A45,1-Jun-05,375091.46321576
1405,A46,2-Jun-05,802.286656304829
1406,A47,3-Jun-05,492921.554988399
1407,A48,3-Jul-05,442356.190795269
1408,A49,3-Aug-05,247.098585415606
1409,A50,3-Sep-05,367193.803624691
1410,A51,3-Oct-05,109211.998780794
1411,A52,3-Nov-05,485447.960236852
1412,A53,3-Dec-05,458488.389567968
1413,A54,3-Jan-06,26300.2730765375
1414,A55,3-Feb-06,32006.3340722607
1415,A56,3-Mar-06,156684.786965649
1416,A57,3-Apr-06,160781.682667044
1417,A58,3-May-06,368674.407424438
1418,A59,3-Jun-06,374430.998482646
1419,A60,3-Jul-06,301638.889610896
1420,A61,3-Aug-06,439891.002621247
1421,A60,3-Sep-06,326409.80324795
1422,A61,3-Oct-06,142271.840924296
1423,A62,3-Nov-06,328067.100776469
1424,A36,3-Dec-06,311014.850997624
1425,A37,12-Jan-04,162229.381508172
1426,A38,3-Jan-04,175729.033202758
1427,A39,15-Jan-04,389068.311636511
1428,A40,25-Jan-04,460540.493855569
1429,A41,17-Jan-05,397982.800115898
1430,A42,23-Feb-05,281906.352712902
1431,A43,1-Feb-05,335876.297140633
1432,A44,5-Feb-04,329739.189652679
1433,A45,28-Feb-05,165474.895152666
1434,A46,16-Feb-05,28699.6239001177
1435,A47,23-Feb-05,292406.180994238
1436,A48,3-Feb-05,224201.442461091
1437,A49,4-Feb-06,369559.858266245
1438,A50,25-Mar-06,487274.659117269
1439,A51,31-Mar-06,56050.953317341
1440,A52,23-Mar-06,268702.68032595
1441,A53,24-Mar-06,352693.464402408
1442,A54,25-Mar-06,44073.5923242183
1443,A55,26-Mar-06,241371.666291821
1444,A56,27-Mar-06,456291.748838318
1445,A57,28-Mar-06,79654.4287431918
1446,A58,29-Mar-06,272190.218884245
1447,A59,30-Mar-06,178713.480364721
1448,A60,31-Mar-06,362498.596536288
1449,A61,1-Apr-06,499136.771966945
1450,A60,2-Apr-06,172131.071778985
1451,A61,3-Apr-06,354490.813701333
1452,A62,4-Apr-06,277662.367076184
1453,A63,12-Jan-04,141361.857192228
1454,A36,3-Jan-04,119769.45760911
1455,A37,15-Jan-04,205771.050660079
1456,A38,25-Jan-04,339102.241609402
1457,A39,12-Jan-04,217380.237106347
1458,A40,3-Jan-04,177066.485073438
1459,A41,15-Jan-04,128032.750301428
1460,A42,25-Jan-04,334230.496578144
1461,A43,12-Jan-04,337499.142122444
1462,A44,3-Jan-04,416843.190252246
1463,A45,15-Jan-04,330102.434983998
1464,A46,25-Jan-04,395197.199930815
1465,A47,12-Jan-04,263090.23076504
1466,A48,3-Jan-04,271408.592529753
1467,A49,15-Jan-04,322997.813277809
1468,A50,12-Jan-04,452548.39279489
1469,A51,3-Jan-04,265086.308921708
1470,A52,15-Jan-04,61370.0140672783
1471,A53,25-Jan-04,494327.818085339
1472,A54,17-Jan-05,363912.470493617
1473,A55,23-Feb-05,14499.4942920051
1474,A56,1-Feb-05,438997.058987797
1475,A57,5-Feb-04,418331.557768626
1476,A58,28-Feb-05,471988.885681919
1477,A59,16-Feb-05,350609.342396997
1478,A60,23-Feb-05,117176.165422198
1479,A61,3-Feb-05,483835.003196055
1480,A60,4-Feb-06,315397.842370368
1481,A61,25-Mar-06,183.218203210545
1482,A62,31-Mar-06,61482.0699745689
1483,A56,23-Mar-06,239945.362309674
1484,A57,19-Mar-04,491491.112249938
1485,A58,5-Mar-06,255751.720313723
1486,A59,4-Apr-05,294069.38346722
1487,A60,30-Apr-06,99971.5015138089
1488,A61,25-Apr-04,233737.663025166
1489,A60,19-Apr-06,492340.262280284
1490,A61,6-Apr-04,47988.2367219647
1491,A62,27-Apr-05,227455.91383691
1492,A63,5-May-04,308213.767472205
1493,A64,6-May-06,333503.359188498
1494,A65,7-May-05,236963.950007811
1495,A66,8-May-06,419497.942321275
1496,A67,9-May-05,200288.874064618
1497,A68,10-May-06,231194.702294776
1498,A69,11-Jul-06,391195.615835834
1499,A70,12-Aug-05,357629.618186273
1500,A71,13-Sep-04,179771.745248469
